0,1.472
0.015625,1.4913-0.0065334i
0.03125,-0.0015798+0.0017603i
0.046875,-0.0009848+0.0056672i
0.0625,-0.00023009+0.0052725i
0.078125,-0.00074436+0.0083046i
0.09375,-0.014856-0.0030353i
0.10938,-0.014244-0.0042389i
0.125,-0.0049738+0.0030769i
0.14062,-0.0020578+0.0096958i
0.15625,0.0032925+0.014193i
0.17188,0.0012718+0.0048802i
0.1875,0.0029023-0.0050057i
0.20312,-0.0033209-0.008791i
0.21875,-0.0018278+0.0014516i
0.23438,-0.00051838-0.0010127i
0.25,0.0032768-0.0048537i
0.26562,0.0018454-0.0099577i
0.28125,-0.0055828+0.0063139i
0.29688,0.01763+0.0051227i
0.3125,0.014928-0.0091511i
0.32812,0.0013169+0.001206i
0.34375,0.0010879+0.0071817i
0.35938,-0.00068743-0.0054157i
0.375,0.0058587-0.0019138i
0.39062,0.0075969+0.0060115i
0.40625,-0.00096593+0.011154i
0.42188,0.0041074+0.0024361i
0.4375,0.0043746+0.0013682i
0.45312,-0.002071+0.0076138i
0.46875,0.0069007+0.0017031i
0.48438,0.0019037+0.0045034i
0.5,-0.0026848+0.0023444i
0.51562,-0.011017+0.0082705i
0.53125,-0.0021375+0.01365i
0.54688,-0.0035953+0.009703i
0.5625,-0.0086923+0.0032441i
0.57812,-0.0073653-0.0029028i
0.59375,-0.00051069-0.0095315i
0.60938,0.0058036-0.0088348i
0.625,0.014041-0.0037974i
0.64062,0.0015696-0.0059941i
0.65625,-0.0069204+0.0029834i
0.67188,-0.017458+0.0065373i
0.6875,-0.0051635-0.00864i
0.70312,-0.0054109-0.0081223i
0.71875,-0.001452-0.0049839i
0.73438,0.0019302-0.0058272i
0.75,7.1128e-05-0.0044445i
0.76562,-0.00012137+0.0047006i
0.78125,-0.016151-0.0077693i
0.79688,-0.0067048-0.0061171i
0.8125,0.0083801+0.0017062i
0.82812,0.00042513-0.0011254i
0.84375,-0.010581-0.0060554i
0.85938,-0.0054556-0.0009729i
0.875,0.0010787+0.010658i
0.89062,-0.0030796+0.0023538i
0.90625,-0.0049233-0.0052342i
0.92188,0.010205+0.0050245i
0.9375,-0.0022017+0.011292i
0.95312,0.00071754+0.0092877i
0.96875,-0.002573-0.00065873i
0.98438,-0.01294-0.014767i
1,-0.0055923+0.0049691i
1.0156,0.0030367+0.016691i
1.0312,-0.0055875+0.0034087i
1.0469,0.0012446-0.0079859i
1.0625,-0.0088955-0.024799i
1.0781,-0.0045933-0.003368i
1.0938,-0.0073791+0.0070784i
1.1094,-0.0055239+0.0031454i
1.125,-0.0023358-0.0094235i
1.1406,-0.00044544-0.0031549i
1.1562,-0.013977+0.0073818i
1.1719,-0.016591-0.0012447i
1.1875,-0.014491-0.012675i
1.2031,-0.0077786-0.019058i
1.2188,0.010291-0.018772i
1.2344,0.0040043-0.0040469i
1.25,0.0079453+0.0072926i
1.2656,0.0024937+0.0031026i
1.2812,-0.0013801+0.016096i
1.2969,0.0035872+0.0091125i
1.3125,0.00055574+0.00011494i
1.3281,0.00072213-0.0038848i
1.3438,-0.0036541-0.011112i
1.3594,0.0024289-0.018196i
1.375,-0.00070314-0.014044i
1.3906,-0.0070548+0.0079895i
1.4062,0.0078518+0.0043654i
1.4219,-0.00066771+0.0040558i
1.4375,-0.0038463+0.008893i
1.4531,-0.0080109+0.0034134i
1.4688,-0.010427-0.011829i
1.4844,0.0025333-0.017604i
1.5,0.0020401-0.0054042i
1.5156,0.0036556-0.018897i
1.5312,0.0051052-0.01188i
1.5469,0.0034807+0.010646i
1.5625,0.016165-0.0029749i
1.5781,0.015662-0.017678i
1.5938,0.011265-0.010633i
1.6094,0.014541-0.0034068i
1.625,0.016086-0.0014431i
1.6406,0.013641+0.019668i
1.6562,0.010686+0.015203i
1.6719,-0.0052293+0.012516i
1.6875,-0.0057722+0.0066249i
1.7031,-0.0022285+0.0098973i
1.7188,-0.0028358+0.011655i
1.7344,-0.0084353+0.0050079i
1.75,-0.0067374+0.011728i
1.7656,0.0036829+0.0046206i
1.7812,-0.0014131-0.015944i
1.7969,0.01521-0.0094061i
1.8125,0.017458-0.011605i
1.8281,0.0066446-0.018031i
1.8438,-0.0016889-0.012114i
1.8594,0.0026422+0.0079686i
1.875,0.018795+0.0099839i
1.8906,0.00081176+0.010201i
1.9062,-0.0038714+0.0094916i
1.9219,0.010898+0.0099679i
1.9375,0.021285-0.0064896i
1.9531,0.04035+0.0063958i
1.9688,0.0062391+0.0053857i
1.9844,-0.018215-0.016103i
2,0.0077105+0.0086832i
2.0156,-0.00088325+0.003556i
2.0312,-0.012295+0.0022471i
2.0469,0.004126-0.0254i
2.0625,-0.0034827-0.0012026i
2.0781,0.0048781-0.0092138i
2.0938,0.026473-0.00042845i
2.1094,0.019005+0.014923i
2.125,0.0068813+0.016959i
2.1406,-0.0012961+0.01696i
2.1562,-0.013658+0.00043315i
2.1719,-0.010324+0.00080007i
2.1875,-0.024432-0.010583i
2.2031,-0.0089076-0.001227i
2.2188,-0.0070443+0.0089529i
2.2344,0.0054437-0.0034486i
2.25,0.0079823-0.0023387i
2.2656,0.011906+0.010717i
2.2812,0.0062534+0.010488i
2.2969,-0.0059182-0.0035479i
2.3125,4.7506e-06+0.0055288i
2.3281,0.017526+0.011628i
2.3438,0.004674-0.016052i
2.3594,-0.0021617+0.024557i
2.375,0.0053977+0.017642i
2.3906,-0.0051021+0.012165i
2.4062,-0.0037083+0.0021079i
2.4219,-0.0044512-0.010143i
2.4375,0.0029747+0.0077735i
2.4531,0.0048669+0.014063i
2.4688,-0.012096+0.023574i
2.4844,-0.011258+0.010076i
2.5,-0.010206-0.0026175i
2.5156,-0.014011+0.019772i
2.5312,-0.022618+0.012503i
2.5469,-0.022045-0.0089035i
2.5625,-0.017615-0.003645i
2.5781,-0.013609+0.0036573i
2.5938,-0.0075569-0.013483i
2.6094,-0.0067722-0.002686i
2.625,0.0066198+0.0079863i
2.6406,-0.00049136-0.012306i
2.6562,-0.010203+0.0097862i
2.6719,-0.019048-0.00027416i
2.6875,-0.035458-0.0083013i
2.7031,-0.021668-0.0025408i
2.7188,-0.01606+0.0010268i
2.7344,-0.022705-0.0065432i
2.75,-0.0075707+0.0031972i
2.7656,-0.018738-0.0061207i
2.7812,-0.020535+0.0067128i
2.7969,-0.013066-0.0016235i
2.8125,-0.019102+0.0073491i
2.8281,-0.015405+0.00077511i
2.8438,-0.016726-0.005998i
2.8594,-0.02097+0.0055298i
2.875,-0.018727-0.00062026i
2.8906,-0.02065-0.0032128i
2.9062,-0.021254-0.023258i
2.9219,-0.021656-0.0024327i
2.9375,-0.032708+0.0018493i
2.9531,-0.026962-0.014281i
2.9688,-0.023518+0.0075264i
2.9844,-0.03614+0.0014847i
3,-0.029399-0.0012728i
3.0156,-0.020248+0.0012011i
3.0312,-0.026875-0.0091924i
3.0469,-0.027302+0.0078108i
3.0625,-0.023733-0.0096091i
3.0781,-0.02492+0.011527i
3.0938,-0.033462+0.0074158i
3.1094,-0.037163-0.024798i
3.125,-0.038637+0.00090962i
3.1406,-0.030154+0.016485i
3.1562,-0.047076-0.00011218i
3.1719,-0.034331+0.017973i
3.1875,-0.051089-0.011268i
3.2031,-0.035386+0.0035558i
3.2188,-0.035606-0.0003545i
3.2344,-0.042505-0.0075782i
3.25,-0.040231-0.0037556i
3.2656,-0.034187-0.0019036i
3.2812,-0.033502-0.00043103i
3.2969,-0.031663+0.00010003i
3.3125,-0.034065-0.0033721i
3.3281,-0.054485-0.0097057i
3.3438,-0.045675+0.0063848i
3.3594,-0.041828-0.0040825i
3.375,-0.044083+0.013324i
3.3906,-0.035919-0.0109i
3.4062,-0.047325+0.00022805i
3.4219,-0.040945+0.010337i
3.4375,-0.044703-0.003274i
3.4531,-0.0502+0.0051579i
3.4688,-0.041566+0.0056888i
3.4844,-0.047855-0.011935i
3.5,-0.041251-0.0042459i
3.5156,-0.047389+0.0084445i
3.5312,-0.047938-0.0052981i
3.5469,-0.046488+0.0086167i
3.5625,-0.055298-0.014453i
3.5781,-0.038832-0.0048033i
3.5938,-0.047743+0.0041893i
3.6094,-0.050552+0.0060524i
3.625,-0.048707-0.0017193i
3.6406,-0.047007+0.003152i
3.6562,-0.055296+0.0024515i
3.6719,-0.067756+0.00015963i
3.6875,-0.046553-0.008625i
3.7031,-0.050418-0.00079063i
3.7188,-0.044586-0.004167i
3.7344,-0.05281+0.0029361i
3.75,-0.051903-0.00090808i
3.7656,-0.052547+0.0031979i
3.7812,-0.05278+0.00076216i
3.7969,-0.052115-0.0036755i
3.8125,-0.05136-0.0010477i
3.8281,-0.052216-0.0017353i
3.8438,-0.060201-0.00024583i
3.8594,-0.050953-0.0061407i
3.875,-0.05183-0.001503i
3.8906,-0.053619+0.0016797i
3.9062,-0.05532+0.00475i
3.9219,-0.053302-0.0038331i
3.9375,-0.056517-0.0054149i
3.9531,-0.047339+0.0033262i
3.9688,-0.052609+0.0064901i
3.9844,-0.054003-0.00174i
4,-0.053049-0.0065818i
4.0156,-0.028165-0.0017019i
4.0312,-0.0080219+0.010966i
4.0469,-0.040764+0.00081431i
4.0625,-0.061781-0.0036452i
4.0781,-0.056534+0.0026237i
4.0938,-0.057479-0.0014852i
4.1094,-0.055855+0.0023929i
4.125,-0.060369-0.0022223i
4.1406,-0.059718+0.001848i
4.1562,-0.05511-0.0066244i
4.1719,-0.055361+0.0036822i
4.1875,-0.058814+0.0012534i
4.2031,-0.060917-0.0060403i
4.2188,-0.057579-0.003299i
4.2344,-0.05593-0.0025909i
4.25,-0.053869-0.00071609i
4.2656,-0.059456+0.0033953i
4.2812,-0.062632-0.0043435i
4.2969,-0.057685-0.0039651i
4.3125,-0.056939+0.0014018i
4.3281,-0.06126-0.0021893i
4.3438,-0.056605-0.0030576i
4.3594,-0.060279+0.00079583i
4.375,-0.060376-0.0019123i
4.3906,-0.060592-0.00057713i
4.4062,-0.056093-0.0020131i
4.4219,-0.061711+0.00020193i
4.4375,-0.059087-0.0044431i
4.4531,-0.058702-0.0024456i
4.4688,-0.061885-0.00051201i
4.4844,-0.060827-0.0047662i
4.5,-0.058162+0.0029822i
4.5156,-0.059028+9.9543e-05i
4.5312,-0.058733+9.0084e-05i
4.5469,-0.061847-0.0013312i
4.5625,-0.060042+0.00082242i
4.5781,-0.06059+0.0010057i
4.5938,-0.062553-0.0032278i
4.6094,-0.062565-0.0010059i
4.625,-0.061089-0.0005695i
4.6406,-0.059028-0.00063139i
4.6562,-0.06492-0.0023217i
4.6719,-0.063184-0.0015713i
4.6875,-0.060758-0.0035196i
4.7031,-0.059+0.0004362i
4.7188,-0.061318-0.00011753i
4.7344,-0.065744-0.0015592i
4.75,-0.060536-0.00046133i
4.7656,-0.061737-0.00088035i
4.7812,-0.064515-0.0016487i
4.7969,-0.06433-0.0013359i
4.8125,-0.063671-0.00052443i
4.8281,-0.063863-0.0022985i
4.8438,-0.061832-0.0017137i
4.8594,-0.062659+0.00044026i
4.875,-0.064376-0.0009124i
4.8906,-0.063919-0.001586i
4.9062,-0.066356-0.00056752i
4.9219,-0.063483-0.00066939i
4.9375,-0.06317-0.0023894i
4.9531,-0.06292-0.00099667i
4.9688,-0.06603-0.00032843i
4.9844,-0.065786-0.0015271i
5,-0.065937-0.0019273i
5.0156,-0.066275-0.00032688i
5.0312,-0.066456-0.0033942i
5.0469,-0.064213-0.0033951i
5.0625,-0.064486-0.00078502i
5.0781,-0.065569-4.3992e-05i
5.0938,-0.067188-0.00073978i
5.1094,-0.066835-0.00020116i
5.125,-0.067127-0.00097231i
5.1406,-0.067702-0.002094i
5.1562,-0.065698-0.00079859i
5.1719,-0.066017-0.0010312i
5.1875,-0.066512-0.0011859i
5.2031,-0.068953-0.0017419i
5.2188,-0.068183+0.0021757i
5.2344,-0.070353-0.0043796i
5.25,-0.066766-0.0091513i
5.2656,-0.069319-0.00031648i
5.2812,-0.068028-0.0021694i
5.2969,-0.06778-0.0012945i
5.3125,-0.068824-0.00034419i
5.3281,-0.070239-0.0011585i
5.3438,-0.069691-4.0072e-05i
5.3594,-0.069452-0.0026242i
5.375,-0.069677-0.0014025i
5.3906,-0.070682-0.00050232i
5.4062,-0.069909-0.0030652i
5.4219,-0.069505-0.00076362i
5.4375,-0.071605-0.00081366i
5.4531,-0.07186-0.001049i
5.4688,-0.071794-0.0012408i
5.4844,-0.071474-0.0029628i
5.5,-0.071124-0.0016165i
5.5156,-0.071861-0.001401i
5.5312,-0.072272-0.0015491i
5.5469,-0.072618-0.0006266i
5.5625,-0.071945-0.0023565i
5.5781,-0.071504-0.001026i
5.5938,-0.073227-0.001174i
5.6094,-0.072813-0.0033079i
5.625,-0.072906-0.0012146i
5.6406,-0.073659-0.0019335i
5.6562,-0.073537-0.0038826i
5.6719,-0.072808+0.00042965i
5.6875,-0.074192-0.0031598i
5.7031,-0.074313-0.0024262i
5.7188,-0.074453-0.0021013i
5.7344,-0.074581-0.0013538i
5.75,-0.074989-0.00021677i
5.7656,-0.07563-0.002303i
5.7812,-0.074891-0.0001968i
5.7969,-0.075393-0.0018251i
5.8125,-0.075761-0.0015843i
5.8281,-0.07619-0.0026182i
5.8438,-0.076165-0.0014986i
5.8594,-0.075939-0.0017632i
5.875,-0.077732-0.00093397i
5.8906,-0.078124-0.0020809i
5.9062,-0.076543-0.0014518i
5.9219,-0.078137-0.0012779i
5.9375,-0.078245-0.0020636i
5.9531,-0.078999-0.0027949i
5.9688,-0.078383-0.001781i
5.9844,-0.077853-0.0017641i
6,-0.079571-0.0011204i
6.0156,-0.078944-0.0021779i
6.0312,-0.0751-0.0020906i
6.0469,-0.080701+0.00095473i
6.0625,-0.079898-0.00018819i
6.0781,-0.080655-0.0013146i
6.0938,-0.079186-0.0016428i
6.1094,-0.081745-0.0016385i
6.125,-0.081227-0.0026207i
6.1406,-0.081092-0.0017351i
6.1562,-0.081194-0.0014707i
6.1719,-0.082569-0.0020001i
6.1875,-0.082316-0.00077384i
6.2031,-0.082627-0.001893i
6.2188,-0.083303-0.001255i
6.2344,-0.086409-0.00076272i
6.25,-0.088404-0.0020746i
6.2656,-0.081826-0.0021134i
6.2812,-0.085313-0.0029053i
6.2969,-0.084566-0.0035221i
6.3125,-0.084588-0.0015223i
6.3281,-0.086055-0.002407i
6.3438,-0.086789-0.0031237i
6.3594,-0.085638-0.0030863i
6.375,-0.087119-0.0011592i
6.3906,-0.086798-0.0016776i
6.4062,-0.087287-0.0025549i
6.4219,-0.087557-0.001179i
6.4375,-0.088136-0.0027123i
6.4531,-0.088686-0.00077506i
6.4688,-0.089591-0.0014946i
6.4844,-0.088964-0.0025085i
6.5,-0.090059-0.0021383i
6.5156,-0.091046-0.0020089i
6.5312,-0.090128-0.001075i
6.5469,-0.089785-0.002149i
6.5625,-0.091091-0.0021146i
6.5781,-0.092341-0.0023522i
6.5938,-0.092113-0.0020468i
6.6094,-0.092393-0.0018919i
6.625,-0.093012-0.0013182i
6.6406,-0.092752-0.0023532i
6.6562,-0.093604-0.0023018i
6.6719,-0.094183-0.00090142i
6.6875,-0.094873-0.0021675i
6.7031,-0.094718-0.0025101i
6.7188,-0.095047-0.0017621i
6.7344,-0.096288-0.0019201i
6.75,-0.098227-0.0020367i
6.7656,-0.096945-0.0021181i
6.7812,-0.096596-0.0011147i
6.7969,-0.098546-0.001352i
6.8125,-0.099097-0.0022193i
6.8281,-0.099565-0.0022023i
6.8438,-0.099349-0.0021209i
6.8594,-0.10074-0.0013828i
6.875,-0.10078-0.0016748i
6.8906,-0.10177-0.0024347i
6.9062,-0.10213-0.002017i
6.9219,-0.10314-0.0025026i
6.9375,-0.10273-0.0017876i
6.9531,-0.10339-0.0018886i
6.9688,-0.10351-0.0010339i
6.9844,-0.10426-0.0019792i
7,-0.10527-0.00245i
7.0156,-0.1054-0.0015767i
7.0312,-0.10576-0.0017866i
7.0469,-0.10684-0.0022829i
7.0625,-0.10697-0.0020154i
7.0781,-0.10788-0.0011394i
7.0938,-0.10939-0.0018028i
7.1094,-0.10956-0.0018188i
7.125,-0.10974-0.0011652i
7.1406,-0.11046-0.0016483i
7.1562,-0.1119-0.0015636i
7.1719,-0.11359-0.0016425i
7.1875,-0.11471-0.0013182i
7.2031,-0.11484-0.0016776i
7.2188,-0.11462-0.0014526i
7.2344,-0.11591-0.002024i
7.25,-0.11662-0.0024736i
7.2656,-0.11717-0.0025848i
7.2812,-0.11726-0.0033417i
7.2969,-0.11793-0.0026782i
7.3125,-0.11969-0.0019735i
7.3281,-0.12015-0.0021457i
7.3438,-0.12036-0.0025452i
7.3594,-0.12101-0.0026246i
7.375,-0.12185-0.0024766i
7.3906,-0.12302-0.0013725i
7.4062,-0.12324-0.001841i
7.4219,-0.1245-0.0015468i
7.4375,-0.12498-0.0012004i
7.4531,-0.12579-0.0018109i
7.4688,-0.12768-0.0021205i
7.4844,-0.12942-0.0019917i
7.5,-0.13047-0.0012656i
7.5156,-0.13147-0.00034763i
7.5312,-0.13231-0.00049161i
7.5469,-0.13323-0.0010393i
7.5625,-0.13392-0.0017194i
7.5781,-0.13491-0.0021675i
7.5938,-0.13693-0.0018034i
7.6094,-0.13895-0.00099799i
7.625,-0.14023-0.0014531i
7.6406,-0.14194-0.00081308i
7.6562,-0.14227-0.0010902i
7.6719,-0.14333-0.0019381i
7.6875,-0.14368-0.0018363i
7.7031,-0.14541-0.0020534i
7.7188,-0.14811-0.0021491i
7.7344,-0.1492-0.0023924i
7.75,-0.14998-0.0022914i
7.7656,-0.15078-0.0021879i
7.7812,-0.15256-0.0016299i
7.7969,-0.15246-0.002483i
7.8125,-0.15436-0.0024217i
7.8281,-0.15574-0.002957i
7.8438,-0.15726-0.0036805i
7.8594,-0.15989-0.0032593i
7.875,-0.16171-0.0023586i
7.8906,-0.16343-0.0013325i
7.9062,-0.1645-0.00055533i
7.9219,-0.16492-0.00042191i
7.9375,-0.16631+0.00014518i
7.9531,-0.1672-0.0001874i
7.9688,-0.16854-0.00067486i
7.9844,-0.17095-0.00067359i
8,-0.17395-0.0012811i
8.0156,-0.17743-0.00066368i
8.0312,-0.18089-0.00050604i
8.0469,-0.18279+0.0022315i
8.0625,-0.18354+0.0023883i
8.0781,-0.18726+0.0049833i
8.0938,-0.188+0.0060539i
8.1094,-0.19031+0.0059764i
8.125,-0.19218+0.0051846i
8.1406,-0.19511+0.0044971i
8.1562,-0.19854+0.0034563i
8.1719,-0.20299+0.0031085i
8.1875,-0.20811+0.003237i
8.2031,-0.21319+0.004567i
8.2188,-0.21785+0.0057811i
8.2344,-0.22311+0.0090476i
8.25,-0.22666+0.011962i
8.2656,-0.22913+0.012989i
8.2812,-0.23086+0.01385i
8.2969,-0.23393+0.015159i
8.3125,-0.23608+0.014884i
8.3281,-0.2392+0.013274i
8.3438,-0.24434+0.01125i
8.3594,-0.24979+0.0089534i
8.375,-0.25642+0.0068979i
8.3906,-0.26452+0.0059121i
8.4062,-0.27429+0.0053943i
8.4219,-0.28326+0.0057193i
8.4375,-0.29218+0.0076569i
8.4531,-0.30145+0.010729i
8.4688,-0.31035+0.014811i
8.4844,-0.31979+0.01879i
8.5,-0.32545+0.02282i
8.5156,-0.32955+0.02696i
8.5312,-0.33466+0.030389i
8.5469,-0.34002+0.033087i
8.5625,-0.34447+0.035215i
8.5781,-0.34813+0.035145i
8.5938,-0.35327+0.033941i
8.6094,-0.36077+0.030098i
8.625,-0.3701+0.026253i
8.6406,-0.37946+0.022926i
8.6562,-0.38951+0.017413i
8.6719,-0.40501+0.012811i
8.6875,-0.42353+0.010124i
8.7031,-0.44174+0.0052615i
8.7188,-0.46236+0.0011657i
8.7344,-0.48649-0.00061055i
8.75,-0.51376+0.0021394i
8.7656,-0.5432+0.0043677i
8.7812,-0.57236+0.0078682i
8.7969,-0.60179+0.016493i
8.8125,-0.63807+0.025437i
8.8281,-0.67188+0.037687i
8.8438,-0.71043+0.055069i
8.8594,-0.75103+0.074649i
8.875,-0.79291+0.096945i
8.8906,-0.83362+0.12199i
8.9062,-0.87939+0.15424i
8.9219,-0.9277+0.19346i
8.9375,-0.97646+0.23538i
8.9531,-1.0278+0.28161i
8.9688,-1.087+0.33666i
8.9844,-1.1448+0.40663i
9,-1.2051+0.48341i
9.0156,-1.2746+0.57798i
9.0312,-1.3471+0.68531i
9.0469,-1.4275+0.81539i
9.0625,-1.5005+0.98197i
9.0781,-1.5738+1.1942i
9.0938,-1.6485+1.4779i
9.1094,-1.6818+1.8145i
9.125,-1.6564+2.2528i
9.1406,-1.5049+2.8604i
9.1562,-1.0306+3.6391i
9.1719,0.12007+4.2588i
9.1875,1.7265+4.0188i
9.2031,2.8628+2.6942i
9.2188,2.7929+1.3374i
9.2344,2.2217+0.62563i
9.25,1.7063+0.3176i
9.2656,1.3247+0.22801i
9.2812,1.0989+0.23093i
9.2969,0.94923+0.24898i
9.3125,0.8458+0.26943i
9.3281,0.77668+0.28274i
9.3438,0.72598+0.27632i
9.3594,0.69046+0.27648i
9.375,0.66845+0.27484i
9.3906,0.64055+0.26036i
9.4062,0.62096+0.24589i
9.4219,0.60375+0.23337i
9.4375,0.58734+0.21979i
9.4531,0.57515+0.20663i
9.4688,0.55977+0.1918i
9.4844,0.54438+0.17392i
9.5,0.52988+0.15775i
9.5156,0.51435+0.14223i
9.5312,0.50064+0.1272i
9.5469,0.48653+0.11176i
9.5625,0.46958+0.099431i
9.5781,0.45192+0.089269i
9.5938,0.43627+0.078487i
9.6094,0.42057+0.0701i
9.625,0.40448+0.063082i
9.6406,0.38971+0.055679i
9.6562,0.37505+0.051112i
9.6719,0.36189+0.048816i
9.6875,0.3499+0.047101i
9.7031,0.33836+0.045372i
9.7188,0.3284+0.044165i
9.7344,0.31987+0.042936i
9.75,0.31182+0.041747i
9.7656,0.30475+0.040764i
9.7812,0.29821+0.039427i
9.7969,0.29231+0.038113i
9.8125,0.2869+0.035718i
9.8281,0.28133+0.032828i
9.8438,0.27593+0.030555i
9.8594,0.27057+0.02796i
9.875,0.26427+0.025418i
9.8906,0.25842+0.022973i
9.9062,0.25231+0.02096i
9.9219,0.24614+0.019771i
9.9375,0.24042+0.01904i
9.9531,0.2349+0.018574i
9.9688,0.22987+0.018348i
9.9844,0.22528+0.018677i
10,0.22107+0.019194i
10.016,0.21688+0.019365i
10.031,0.21367+0.019677i
10.047,0.21072+0.019041i
10.062,0.20761+0.018068i
10.078,0.205+0.017324i
10.094,0.2018+0.016413i
10.109,0.19803+0.015857i
10.125,0.19426+0.014641i
10.141,0.1902+0.014188i
10.156,0.18639+0.014261i
10.172,0.18291+0.014309i
10.188,0.17933+0.014537i
10.203,0.17637+0.015122i
10.219,0.17411+0.015597i
10.234,0.17174+0.015813i
10.25,0.16925+0.015869i
10.266,0.16688+0.015503i
10.281,0.16444+0.0146i
10.297,0.16179+0.013953i
10.312,0.15882+0.013494i
10.328,0.15585+0.01334i
10.344,0.15284+0.013347i
10.359,0.15001+0.013611i
10.375,0.1475+0.013894i
10.391,0.14555+0.013962i
10.406,0.14374+0.014044i
10.422,0.14167+0.013771i
10.438,0.13957+0.013439i
10.453,0.13766+0.012871i
10.469,0.13554+0.012503i
10.484,0.13338+0.012051i
10.5,0.13108+0.011568i
10.516,0.12885+0.011385i
10.531,0.12717+0.011633i
10.547,0.12546+0.011701i
10.562,0.12381+0.011696i
10.578,0.12228+0.011545i
10.594,0.12071+0.011167i
10.609,0.1192+0.010572i
10.625,0.11763+0.0099889i
10.641,0.11606+0.0098948i
10.656,0.11457+0.01025i
10.672,0.11311+0.010586i
10.688,0.11173+0.010824i
10.703,0.11045+0.010698i
10.719,0.10924+0.010428i
10.734,0.10818+0.010189i
10.75,0.10706+0.010083i
10.766,0.10583+0.010206i
10.781,0.10438+0.010426i
10.797,0.1032+0.010463i
10.812,0.10195+0.010316i
10.828,0.10063+0.010448i
10.844,0.099698+0.010505i
10.859,0.098617+0.010398i
10.875,0.097292+0.010156i
10.891,0.095921+0.010625i
10.906,0.09469+0.010943i
10.922,0.093485+0.011114i
10.938,0.092373+0.0114i
10.953,0.091381+0.01126i
10.969,0.090373+0.011245i
10.984,0.089324+0.010996i
11,0.087969+0.01094i
11.016,0.086649+0.011115i
11.031,0.085775+0.010966i
11.047,0.084985+0.01079i
11.062,0.084279+0.010796i
11.078,0.08372+0.010799i
11.094,0.083004+0.010805i
11.109,0.081762+0.010663i
11.125,0.08067+0.010596i
11.141,0.079751+0.010802i
11.156,0.079067+0.011065i
11.172,0.078435+0.011241i
11.188,0.077642+0.011242i
11.203,0.076818+0.011361i
11.219,0.07603+0.011728i
11.234,0.075316+0.011966i
11.25,0.074587+0.01183i
11.266,0.074117+0.012033i
11.281,0.073257+0.012389i
11.297,0.072401+0.012735i
11.312,0.071795+0.013082i
11.328,0.070993+0.013324i
11.344,0.070044+0.013242i
11.359,0.069284+0.013262i
11.375,0.068923+0.013391i
11.391,0.068312+0.013301i
11.406,0.067802+0.013379i
11.422,0.067251+0.013738i
11.438,0.06661+0.014097i
11.453,0.066142+0.014183i
11.469,0.065559+0.014197i
11.484,0.0652+0.01406i
11.5,0.064652+0.013973i
11.516,0.064146+0.01437i
11.531,0.063772+0.01488i
11.547,0.063502+0.015183i
11.562,0.063431+0.015441i
11.578,0.063101+0.01544i
11.594,0.062477+0.015738i
11.609,0.061839+0.016015i
11.625,0.061608+0.016211i
11.641,0.061478+0.016343i
11.656,0.061123+0.016093i
11.672,0.060814+0.016255i
11.688,0.06058+0.01678i
11.703,0.060307+0.016896i
11.719,0.059795+0.017079i
11.734,0.059356+0.017156i
11.75,0.059062+0.016877i
11.766,0.059011+0.017058i
11.781,0.059029+0.017242i
11.797,0.058832+0.017505i
11.812,0.05834+0.017324i
11.828,0.057866+0.017008i
11.844,0.057762+0.017405i
11.859,0.057696+0.01767i
11.875,0.057486+0.017602i
11.891,0.057321+0.017354i
11.906,0.057432+0.017586i
11.922,0.057721+0.018094i
11.938,0.057553+0.018108i
11.953,0.057256+0.018135i
11.969,0.057088+0.018122i
11.984,0.056837+0.018268i
12,0.056799+0.018418i
12.016,0.056534+0.018133i
12.031,0.056088+0.018108i
12.047,0.056032+0.018102i
12.062,0.055691+0.017856i
12.078,0.055675+0.017853i
12.094,0.05591+0.017452i
12.109,0.05566+0.017393i
12.125,0.055812+0.017384i
12.141,0.055839+0.017081i
12.156,0.056154+0.017419i
12.172,0.056399+0.017327i
12.188,0.056233+0.01722i
12.203,0.056238+0.01718i
12.219,0.055763+0.016816i
12.234,0.05518+0.017i
12.25,0.055235+0.017084i
12.266,0.055724+0.016432i
12.281,0.055919+0.016057i
12.297,0.055505+0.016077i
12.312,0.055008+0.01579i
12.328,0.054745+0.015214i
12.344,0.05473+0.015i
12.359,0.054775+0.014948i
12.375,0.054772+0.01445i
12.391,0.054925+0.01391i
12.406,0.054747+0.013666i
12.422,0.054545+0.013632i
12.438,0.054775+0.013561i
12.453,0.054459+0.013318i
12.469,0.054047+0.01309i
12.484,0.055721+0.012208i
12.5,0.056677+0.01064i
12.516,0.054648+0.011119i
12.531,0.053054+0.012018i
12.547,0.053049+0.011887i
12.562,0.052978+0.011666i
12.578,0.052688+0.011451i
12.594,0.05238+0.011113i
12.609,0.051988+0.010513i
12.625,0.051714+0.010171i
12.641,0.051727+0.010209i
12.656,0.051736+0.010035i
12.672,0.051579+0.0097825i
12.688,0.051201+0.0094984i
12.703,0.050747+0.0090591i
12.719,0.050648+0.0088961i
12.734,0.050568+0.0088217i
12.75,0.050067+0.0087036i
12.766,0.049569+0.0086269i
12.781,0.049278+0.0082833i
12.797,0.049184+0.0079119i
12.812,0.049085+0.0076971i
12.828,0.048793+0.0074392i
12.844,0.048527+0.0072831i
12.859,0.048349+0.0073065i
12.875,0.048177+0.0072593i
12.891,0.047789+0.0072036i
12.906,0.047347+0.0071193i
12.922,0.047084+0.0069087i
12.938,0.046724+0.0067124i
12.953,0.046424+0.0064983i
12.969,0.046258+0.0063197i
12.984,0.046034+0.0062981i
13,0.045813+0.0064106i
13.016,0.045525+0.0062384i
13.031,0.045129+0.0057522i
13.047,0.044859+0.0055286i
13.062,0.044674+0.0055377i
13.078,0.044331+0.0053862i
13.094,0.044093+0.0052431i
13.109,0.044034+0.0052744i
13.125,0.043689+0.0051298i
13.141,0.04322+0.0049387i
13.156,0.042957+0.0049292i
13.172,0.042746+0.0049118i
13.188,0.042473+0.0049415i
13.203,0.042181+0.0047564i
13.219,0.041919+0.0044475i
13.234,0.041661+0.0043593i
13.25,0.041362+0.0042816i
13.266,0.04117+0.0041771i
13.281,0.04098+0.0041658i
13.297,0.040777+0.004248i
13.312,0.04064+0.0041947i
13.328,0.040437+0.0040583i
13.344,0.040149+0.0040251i
13.359,0.039917+0.0039734i
13.375,0.039604+0.0038913i
13.391,0.039257+0.0038074i
13.406,0.039058+0.0036403i
13.422,0.038902+0.003525i
13.438,0.038653+0.0034459i
13.453,0.038429+0.0034274i
13.469,0.038171+0.0034093i
13.484,0.037921+0.0033963i
13.5,0.037725+0.00347i
13.516,0.03752+0.0034209i
13.531,0.037376+0.0032917i
13.547,0.037248+0.0032113i
13.562,0.037017+0.0031886i
13.578,0.036739+0.0031603i
13.594,0.03642+0.0031077i
13.609,0.036165+0.0030302i
13.625,0.036016+0.0028773i
13.641,0.035899+0.0028512i
13.656,0.035758+0.0028953i
13.672,0.03558+0.0028375i
13.688,0.035252+0.0027724i
13.703,0.035009+0.0027993i
13.719,0.034881+0.0027629i
13.734,0.034682+0.0027707i
13.75,0.034419+0.0027274i
13.766,0.034167+0.0025934i
13.781,0.034023+0.0025286i
13.797,0.033931+0.00248i
13.812,0.033866+0.0023769i
13.828,0.033619+0.0023122i
13.844,0.033381+0.0023734i
13.859,0.033285+0.0024339i
13.875,0.033104+0.0023872i
13.891,0.032841+0.0024249i
13.906,0.032651+0.0024387i
13.922,0.032483+0.0023679i
13.938,0.032328+0.0023231i
13.953,0.032158+0.0022858i
13.969,0.032014+0.0022498i
13.984,0.031907+0.0021832i
14,0.031709+0.0021144i
14.016,0.031483+0.0021236i
14.031,0.031312+0.002153i
14.047,0.031128+0.00215i
14.062,0.030962+0.0021878i
14.078,0.030822+0.0021159i
14.094,0.030728+0.0019838i
14.109,0.030601+0.0019238i
14.125,0.030388+0.0019902i
14.141,0.030271+0.0020223i
14.156,0.030136+0.0019998i
14.172,0.029955+0.0020022i
14.188,0.029828+0.0019791i
14.203,0.029645+0.0019386i
14.219,0.02948+0.0019424i
14.234,0.029336+0.0018688i
14.25,0.029136+0.0017918i
14.266,0.02906+0.0018124i
14.281,0.028922+0.0018398i
14.297,0.028706+0.0018362i
14.312,0.028515+0.0018452i
14.328,0.028451+0.0018131i
14.344,0.02836+0.0017845i
14.359,0.028184+0.0018028i
14.375,0.028049+0.0017594i
14.391,0.027876+0.0016883i
14.406,0.027704+0.0017149i
14.422,0.027545+0.0016786i
14.438,0.027466+0.0015592i
14.453,0.027364+0.001557i
14.469,0.027195+0.0016457i
14.484,0.027115+0.001723i
14.5,0.026985+0.0016364i
14.516,0.026754+0.001629i
14.531,0.026607+0.0016299i
14.547,0.026496+0.0015659i
14.562,0.026416+0.0015622i
14.578,0.026326+0.0014859i
14.594,0.026185+0.0014628i
14.609,0.026105+0.0015308i
14.625,0.025914+0.0015257i
14.641,0.025766+0.0015199i
14.656,0.02568+0.0015488i
14.672,0.025579+0.0015008i
14.688,0.025422+0.0014914i
14.703,0.025298+0.0014882i
14.719,0.025214+0.0014279i
14.734,0.025052+0.0014306i
14.75,0.024963+0.0014441i
14.766,0.024864+0.0013843i
14.781,0.024708+0.0014144i
14.797,0.02455+0.0013926i
14.812,0.024463+0.0013439i
14.828,0.024374+0.0013137i
14.844,0.024215+0.0012901i
14.859,0.024099+0.0013235i
14.875,0.02405+0.001303i
14.891,0.023939+0.0012631i
14.906,0.023801+0.0012566i
14.922,0.023717+0.0012467i
14.938,0.02357+0.00126i
14.953,0.02348+0.0012925i
14.969,0.023359+0.0012711i
14.984,0.023231+0.0012469i
15,0.023201+0.0012434i
15.016,0.023059+0.0012599i
15.031,0.022934+0.00123i
15.047,0.022824+0.0012516i
15.062,0.022693+0.0012738i
15.078,0.022605+0.0012331i
15.094,0.022511+0.0012437i
15.109,0.02247+0.001153i
15.125,0.02235+0.0011186i
15.141,0.02222+0.0011646i
15.156,0.022145+0.0011739i
15.172,0.022039+0.0011718i
15.188,0.021965+0.0011933i
15.203,0.021808+0.0012322i
15.219,0.021714+0.0011911i
15.234,0.021676+0.0011487i
15.25,0.02152+0.0011474i
15.266,0.02144+0.0011526i
15.281,0.021377+0.0011736i
15.297,0.021307+0.0011703i
15.312,0.021197+0.0011057i
15.328,0.021089+0.0010969i
15.344,0.020993+0.0011189i
15.359,0.020855+0.0010769i
15.375,0.020809+0.0010378i
15.391,0.020765+0.0010448i
15.406,0.020643+0.0010562i
15.422,0.020571+0.0010705i
15.438,0.0205+0.0010669i
15.453,0.020389+0.0010569i
15.469,0.020305+0.0010245i
15.484,0.020187+0.00099165i
15.5,0.020059+0.00099194i
15.516,0.020004+0.0010317i
15.531,0.019968+0.00099842i
15.547,0.019858+0.0010266i
15.562,0.019717+0.0010308i
15.578,0.019686+0.00095937i
15.594,0.019609+0.00097407i
15.609,0.019484+0.0010239i
15.625,0.019407+0.0010081i
15.641,0.019372+0.00096575i
15.656,0.01926+0.0009584i
15.672,0.019121+0.00097771i
15.688,0.019104+0.00094577i
15.703,0.018978+0.00095111i
15.719,0.018909+0.0010425i
15.734,0.018921+0.0010159i
15.75,0.018733+0.00096138i
15.766,0.018624+0.0010092i
15.781,0.01861+0.00090302i
15.797,0.018519+0.0009163i
15.812,0.018392+0.00097249i
15.828,0.018378+0.00087075i
15.844,0.018322+0.00091256i
15.859,0.018181+0.00093765i
15.875,0.018155+0.00084963i
15.891,0.018087+0.00088387i
15.906,0.017976+0.00091595i
15.922,0.017927+0.00091448i
15.938,0.017893+0.00092176i
15.953,0.017708+0.00088178i
15.969,0.017636+0.00085856i
15.984,0.017663+0.00082328i
16,0.017429+0.00087232i
16.016,0.017429+0.00088045i
16.031,0.017465+0.00081434i
16.047,0.017274+0.00085116i
16.062,0.017197+0.0009122i
16.078,0.017224+0.00078985i
16.094,0.017056+0.00080145i
16.109,0.016993+0.00084609i
16.125,0.017051+0.00072881i
16.141,0.016891+0.00082912i
16.156,0.016791+0.0008547i
16.172,0.016755+0.00077064i
16.188,0.016674+0.0008317i
16.203,0.01657+0.00083292i
16.219,0.016553+0.00077902i
16.234,0.01654+0.00081881i
16.25,0.016334+0.0008213i
16.266,0.016325+0.00079541i
16.281,0.016351+0.0008059i
16.297,0.016063+0.00082138i
16.312,0.01612+0.00080822i
16.328,0.016139+0.00074497i
16.344,0.015847+0.00079934i
16.359,0.015941+0.00081776i
16.375,0.015981+0.00071887i
16.391,0.015662+0.00087335i
16.406,0.015794+0.00079778i
16.422,0.01576+0.0006209i
16.438,0.015499+0.00084527i
16.453,0.015631+0.00075949i
16.469,0.01549+0.00066201i
16.484,0.015313+0.00090278i
16.5,0.015414+0.00074017i
16.516,0.015334+0.00070076i
16.531,0.015169+0.00089855i
16.547,0.015155+0.00068681i
16.562,0.015133+0.00065324i
16.578,0.014998+0.00080511i
16.594,0.014956+0.00067732i
16.609,0.014955+0.00073347i
16.625,0.014825+0.00075388i
16.641,0.014699+0.00067882i
16.656,0.014865+0.00074075i
16.672,0.014632+0.00071517i
16.688,0.014537+0.00073797i
16.703,0.014763+0.00067147i
16.719,0.01436+0.000667i
16.734,0.014384+0.00077524i
16.75,0.014616+0.00058964i
16.766,0.014104+0.00071131i
16.781,0.014213+0.0008765i
16.797,0.014408+0.00047374i
16.812,0.01386+0.00072923i
16.828,0.014143+0.00084312i
16.844,0.014205+0.00042483i
16.859,0.013666+0.00083784i
16.875,0.01409+0.00075376i
16.891,0.013934+0.00037442i
16.906,0.013531+0.00093807i
16.922,0.013954+0.00065506i
16.938,0.013664+0.00046686i
16.953,0.013398+0.00096351i
16.969,0.013764+0.00050518i
16.984,0.013518+0.00053656i
17,0.013377+0.0009604i
17.016,0.013547+0.00044947i
17.031,0.013312+0.00064723i
17.047,0.013249+0.00084956i
17.062,0.01326+0.00046662i
17.078,0.013266+0.00070333i
17.094,0.013016+0.00073728i
17.109,0.013078+0.00058267i
17.125,0.013196+0.00072518i
17.141,0.012663+0.00065244i
17.156,0.013002+0.00066971i
17.172,0.013132+0.00058828i
17.188,0.012351+0.00069995i
17.203,0.013023+0.00079263i
17.219,0.012948+0.00037039i
17.234,0.012025+0.00083265i
17.25,0.013161+0.00071069i
17.266,0.012534+0.0002122i
17.281,0.011893+0.0010397i
17.297,0.013336+0.00049388i
17.312,0.011987+0.0002207i
17.328,0.011938+0.0013506i
17.344,0.013337+0.00016124i
17.359,0.011346+0.00044773i
17.375,0.012208+0.0014477i
17.391,0.013155-0.00037248i
17.406,0.010866+0.00092811i
17.422,0.012724+0.0013507i
17.438,0.012577-0.00067228i
17.453,0.010599+0.0016038i
17.469,0.013042+0.00084094i
17.484,0.01173-0.00081097i
17.5,0.01074+0.0022626i
17.516,0.013338+9.269e-05i
17.531,0.010794-0.00049063i
17.547,0.011271+0.0026387i
17.562,0.013134-0.0008309i
17.578,0.0099354+0.00034406i
17.594,0.01216+0.0025321i
17.609,0.012483-0.0016118i
17.625,0.0095177+0.0015157i
17.641,0.012977+0.001741i
17.656,0.011391-0.0018915i
17.672,0.0095948+0.0027827i
17.688,0.013486+0.00024552i
17.703,0.010113-0.0013942i
17.719,0.010351+0.0036265i
17.734,0.01325-0.0014742i
17.75,0.0092016+3.1472e-05i
17.766,0.01145+0.0036902i
17.781,0.012328-0.003031i
17.797,0.0089302+0.0020948i
17.812,0.012365+0.0025304i
17.828,0.010792-0.0039242i
17.844,0.00966+0.0043038i
17.859,0.012597+0.00055534i
17.875,0.0092099-0.0034168i
17.891,0.011345+0.0057529i
17.906,0.011552-0.0020284i
17.922,0.0083511-0.0015814i
17.938,0.013199+0.0059126i
17.953,0.0093043-0.0042227i
17.969,0.0091822+0.0011773i
17.984,0.01428+0.004341i
18,0.0062749-0.0050664i
18.016,0.011807+0.0037033i
18.031,0.013441+0.0017267i
18.047,0.0041038-0.0038854i
18.062,0.015376+0.0046776i
18.078,0.010128-0.00082785i
18.094,0.0042458-0.0013458i
18.109,0.018255+0.0033636i
18.125,0.0052334-0.0015202i
18.141,0.0078148+0.00083903i
18.156,0.018312+0.00069199i
18.172,0.00082608+0.00027764i
18.188,0.013078+0.00056645i
18.203,0.014842-0.00081186i
18.219,-3.1536e-05+0.0035157i
18.234,0.017097-0.0026317i
18.25,0.0095304+0.00069859i
18.266,0.0032945+0.0045313i
18.281,0.017259-0.0060162i
18.297,0.0057079+0.0054436i
18.312,0.0077483+0.0013983i
18.328,0.014446-0.0063203i
18.344,0.0059327+0.0093503i
18.359,0.0093998-0.0037654i
18.375,0.011847-0.0026171i
18.391,0.0076007+0.0086944i
18.406,0.0086727-0.0064105i
18.422,0.011568+0.0017921i
18.438,0.0076811+0.0052066i
18.453,0.0085678-0.0061177i
18.469,0.011448+0.0044289i
18.484,0.0069684+0.001764i
18.5,0.0093308-0.0044855i
18.516,0.010675+0.0059256i
18.531,0.0067559-0.0015627i
18.547,0.010009-0.0018179i
18.562,0.0099448+0.005562i
18.578,0.006514-0.0037335i
18.594,0.010796+0.0013909i
18.609,0.0085662+0.0033946i
18.625,0.0068258-0.0039675i
18.641,0.011555+0.0038194i
18.656,0.0069175+0.00046733i
18.672,0.0079703-0.0022769i
18.688,0.011319+0.0043181i
18.703,0.0053611-0.0016988i
18.719,0.0099904+2.2631e-06i
18.734,0.0095933+0.0032618i
18.75,0.0054175-0.0025044i
18.766,0.01162+0.0016924i
18.781,0.0071811+0.0015328i
18.797,0.0066708-0.0017136i
18.812,0.011664+0.0023776i
18.828,0.0052311+0.00014842i
18.844,0.0090185-0.00064221i
18.859,0.01002+0.0024231i
18.875,0.0048481-0.00060056i
18.891,0.010758+0.00032671i
18.906,0.0076356+0.0018988i
18.922,0.0060532-0.00082837i
18.938,0.01113+0.0010531i
18.953,0.0056128+0.0012632i
18.969,0.0080682-0.00072238i
18.984,0.0098669+0.0015008i
19,0.0049995+0.00052632i
19.016,0.0098001-0.00037221i
19.031,0.0078373+0.0016886i
19.047,0.0058304+7.9885e-05i
19.062,0.010177+8.3443e-05i
19.078,0.006027+0.0017224i
19.094,0.0075676-0.00040748i
19.109,0.0091876+0.00072708i
19.125,0.0055297+0.0013257i
19.141,0.0088471-0.00060811i
19.156,0.0076098+0.0014327i
19.172,0.0061691+0.00071117i
19.188,0.008914-0.00040462i
19.203,0.0064773+0.0017272i
19.219,0.0072457-0.00014455i
19.234,0.0082248+0.00034681i
19.25,0.0062212+0.0016358i
19.266,0.0078668-0.00056178i
19.281,0.0073213+0.0011218i
19.297,0.0065829+0.00091988i
19.312,0.0078018-0.00038747i
19.328,0.006821+0.0015808i
19.344,0.0070076+0.00023273i
19.359,0.007242+0.00020894i
19.375,0.0068259+0.0015212i
19.391,0.0070239-0.00025429i
19.406,0.0069337+0.00090926i
19.422,0.0069475+0.00094829i
19.438,0.0066277-0.00014838i
19.453,0.0071203+0.0011723i
19.469,0.0067038+0.0004647i
19.484,0.0065315+0.00031109i
19.5,0.0072204+0.0011492i
19.516,0.0062307+0.00019183i
19.531,0.0067778+0.00062236i
19.547,0.0070068+0.00095198i
19.562,0.0057741+0.00032887i
19.578,0.0072241+0.00074063i
19.594,0.0062068+0.00082366i
19.609,0.0060835+0.00035896i
19.625,0.0073398+0.00082114i
19.641,0.0055529+0.00075475i
19.656,0.0067993+0.00026738i
19.672,0.0066392+0.000982i
19.688,0.0054941+0.00064483i
19.703,0.0072005+0.00037074i
19.719,0.0058107+0.0012143i
19.734,0.0059275+0.00030746i
19.75,0.0069461+0.00068549i
19.766,0.0053078+0.0010838i
19.781,0.0067008+0.00012843i
19.797,0.0060902+0.0011645i
19.812,0.0056083+0.00066252i
19.828,0.0066729+0.00040118i
19.844,0.0055211+0.0013144i
19.859,0.006107+0.00019314i
19.875,0.006255+0.00084149i
19.891,0.0055288+0.0011664i
19.906,0.0062856+0.00017864i
19.922,0.0055991+0.0015688i
19.938,0.0057534+0.00067977i
19.953,0.0058643+0.00063252i
19.969,0.0056314+0.0011626i
19.984,0.0057572+0.00043514i
20,0.0055678+0.00097932i
20.016,0.0058058+0.00083743i
20.031,0.0054027+0.0007322i
20.047,0.0058166+0.00095292i
20.062,0.0055689+0.00083005i
20.078,0.0052817+0.00086187i
20.094,0.0059123+0.00097544i
20.109,0.0052926+0.00088289i
20.125,0.005447+0.00087186i
20.141,0.0058373+0.00092251i
20.156,0.0049558+0.0010997i
20.172,0.0058326+0.00072163i
20.188,0.0051229+0.0013045i
20.203,0.0051141+0.00082898i
20.219,0.0056893+0.0010195i
20.234,0.0048378+0.0011728i
20.25,0.0057143+0.0005871i
20.266,0.0051722+0.0014759i
20.281,0.0049859+0.00097581i
20.297,0.0055759+0.00092505i
20.312,0.0049242+0.001296i
20.328,0.0053399+0.00080766i
20.344,0.0052573+0.0012029i
20.359,0.0050065+0.0011124i
20.375,0.0053342+0.0010513i
20.391,0.0050483+0.0012612i
20.406,0.0052459+0.00098648i
20.422,0.0050019+0.0013193i
20.438,0.0051179+0.0011282i
20.453,0.0050853+0.0011221i
20.469,0.0050486+0.0012905i
20.484,0.0051507+0.0012108i
20.5,0.004906+0.0012905i
20.516,0.0054617+0.0010151i
20.531,0.0048307+0.0014677i
20.547,0.00505+0.0010851i
20.562,0.0051924+0.0011463i
20.578,0.004858+0.0013777i
20.594,0.005001+0.00088789i
20.609,0.0048841+0.0014383i
20.625,0.0049756+0.00095588i
20.641,0.0050708+0.0012468i
20.656,0.0047524+0.001373i
20.672,0.0050069+0.00091217i
20.688,0.0049568+0.0013496i
20.703,0.004786+0.0012098i
20.719,0.004936+0.0011043i
20.734,0.0049695+0.0011055i
20.75,0.0048902+0.0012676i
20.766,0.0047482+0.0013423i
20.781,0.0048996+0.0010388i
20.797,0.0047773+0.0013161i
20.812,0.0046811+0.0011674i
20.828,0.0047997+0.00089346i
20.844,0.0048296+0.001223i
20.859,0.004962+0.0010902i
20.875,0.0046231+0.0013911i
20.891,0.0049369+0.0011281i
20.906,0.0047519+0.0012609i
20.922,0.0044907+0.0013618i
20.938,0.0047752+0.00088007i
20.953,0.0046615+0.001363i
20.969,0.0045525+0.00097508i
20.984,0.0046905+0.0012414i
21,0.0044579+0.0012173i
21.016,0.0047638+0.00097817i
21.031,0.0043932+0.0013005i
21.047,0.0048335+0.00086818i
21.062,0.0043832+0.0013582i
21.078,0.0043412+0.00097218i
21.094,0.0044137+0.0010422i
21.109,0.0046302+0.0011353i
21.125,0.0043896+0.0010321i
21.141,0.0043397+0.0013134i
21.156,0.0045083+0.00085864i
21.172,0.0041587+0.0013609i
21.188,0.0043879+0.00091631i
21.203,0.0043929+0.0011417i
21.219,0.0043166+0.0010115i
21.234,0.0042879+0.00097475i
21.25,0.0043976+0.0012204i
21.266,0.0041657+0.00095608i
21.281,0.0041948+0.001223i
21.297,0.0040479+0.0010821i
21.312,0.0041002+0.00093307i
21.328,0.0042709+0.0011197i
21.344,0.0040814+0.00095211i
21.359,0.0042469+0.0010667i
21.375,0.0040091+0.00093561i
21.391,0.0041788+0.0012198i
21.406,0.0040594+0.0011062i
21.422,0.0038086+0.00089678i
21.438,0.0041714+0.0011625i
21.453,0.0039075+0.0011041i
21.469,0.0041377+0.0010164i
21.484,0.003752+0.00092721i
21.5,0.0040414+0.0012987i
21.516,0.003744+0.0010991i
21.531,0.0039164+0.0008764i
21.547,0.0038405+0.0010646i
21.562,0.0038469+0.00093487i
21.578,0.0038514+0.0014145i
21.594,0.0036536+0.00076623i
21.609,0.0038106+0.0012272i
21.625,0.0036442+0.00093603i
21.641,0.0039396+0.0010876i
21.656,0.0038195+0.0011438i
21.672,0.0035093+0.0012276i
21.688,0.0035721+0.0010688i
21.703,0.0034004+0.00084621i
21.719,0.0037698+0.0012747i
21.734,0.0035254+0.00075764i
21.75,0.0035933+0.0012309i
21.766,0.003507+0.0009907i
21.781,0.0035305+0.0010358i
21.797,0.0036512+0.0011804i
21.812,0.003445+0.0010874i
21.828,0.0032879+0.0010088i
21.844,0.0034106+0.001001i
21.859,0.0033832+0.00086372i
21.875,0.0033992+0.0012421i
21.891,0.003466+0.00099828i
21.906,0.0032084+0.0013495i
21.922,0.0031787+0.00091619i
21.938,0.0031344+0.00086171i
21.953,0.0034694+0.0012439i
21.969,0.0033048+0.00088094i
21.984,0.003039+0.0014672i
22,0.0029446+0.00069444i
22.016,0.0032549+0.0010264i
22.031,0.0030596+0.0010043i
22.047,0.0034014+0.00089221i
22.062,0.0027712+0.0011961i
22.078,0.0033983+0.00070128i
22.094,0.0028255+0.0016469i
22.109,0.0029425+0.00046032i
22.125,0.0031859+0.001222i
22.141,0.0029297+0.0012511i
22.156,0.0029816+0.00083289i
22.172,0.0028484+0.0011973i
22.188,0.0031499+0.0010061i
22.203,0.0025562+0.0013533i
22.219,0.0030355+0.00099131i
22.234,0.0027419+0.001068i
22.25,0.0026696+0.0010993i
22.266,0.0029687+0.0010253i
22.281,0.0026631+0.0010806i
22.297,0.0030951+0.0011571i
22.312,0.0024664+0.0012884i
22.328,0.0029201+0.0012404i
22.344,0.0024527+0.0010972i
22.359,0.0026545+0.0010656i
22.375,0.0027181+0.0014264i
22.391,0.0024337+0.00060591i
22.406,0.0023723+0.0015125i
22.422,0.0029667+0.00082724i
22.438,0.0028116+0.0015479i
22.453,0.0021685+0.0016747i
22.469,0.0019776+0.00066177i
22.484,0.002689+0.00143i
22.5,0.0029828+0.00057178i
22.516,0.0020905+0.0021071i
22.531,0.0024857+0.00067706i
22.547,0.0023351+0.0013576i
22.562,0.0025352+0.0013225i
22.578,0.0024822+0.0010067i
22.594,0.0023192+0.0012502i
22.609,0.0026682+0.0014402i
22.625,0.0020175+0.0015016i
22.641,0.0019584+0.0010315i
22.656,0.0024962+0.0013906i
22.672,0.0020873+0.00076861i
22.688,0.0027969+0.0016502i
22.703,0.0022418+0.00091287i
22.719,0.0023206+0.002171i
22.734,0.0019543+0.00051789i
22.75,0.0022125+0.0016877i
22.766,0.0024116+0.0012422i
22.781,0.0023457+0.00079713i
22.797,0.0020238+0.0020174i
22.812,0.0023282+0.0010324i
22.828,0.0016226+0.001977i
22.844,0.0019774+0.0005178i
22.859,0.0021618+0.0012433i
22.875,0.0024002+0.001443i
22.891,0.0018531+0.0022432i
22.906,0.0010743+0.00067675i
22.922,0.0023272+0.0012232i
22.938,0.0019998+0.00094271i
22.953,0.0017431+0.001784i
22.969,0.0020134+0.0015368i
22.984,0.0018758+0.00089i
23,0.0014815+0.0023784i
23.016,0.0024193+0.00050222i
23.031,0.0013179+0.0018722i
23.047,0.0018941+0.0020048i
23.062,0.0013357+0.00062089i
23.078,0.0019226+0.0016707i
23.094,0.0014287+0.0011654i
23.109,0.0015539+0.0015434i
23.125,0.0021137+0.0013311i
23.141,0.0012508+0.0015842i
23.156,0.0011782+0.0012509i
23.172,0.0022581+0.0016111i
23.188,0.0011697+0.0014873i
23.203,0.0016233+0.0021121i
23.219,0.0014095+0.00040992i
23.234,0.0014935+0.0024056i
23.25,0.0017428+0.0014625i
23.266,0.0011943+0.0017625i
23.281,0.0006491+0.0013134i
23.297,0.0022292+0.0010709i
23.312,0.0010798+0.0014604i
23.328,0.0012369+0.0022491i
23.344,0.001171+0.00060358i
23.359,0.0013584+0.0023717i
23.375,0.00083835+0.0015518i
23.391,0.0016577+0.00061733i
23.406,0.00037814+0.0033828i
23.422,0.0016946-1.7509e-05i
23.438,0.0016794+0.0025212i
23.453,0.00086441+0.0017825i
23.469,0.0011296+0.0012238i
23.484,0.00092949+0.0019107i
23.5,0.0018074+0.0021i
23.516,0.00047981+0.00061484i
23.531,0.001392+0.0030798i
23.547,0.0011439+0.00013313i
23.562,0.0012578+0.0020149i
23.578,0.00086259+0.0030886i
23.594,0.0020581+0.000948i
23.609,-0.0015513+0.001722i
23.625,0.0037382+0.00067552i
23.641,-0.00036287+0.002515i
23.656,-1.2283e-05+0.0008002i
23.672,0.0023102+0.0039982i
23.688,-2.7314e-05+2.772e-05i
23.703,0.0010542+0.0036i
23.719,0.0015003+0.00022591i
23.734,-0.0016761+0.0043784i
23.75,0.003072+0.00096162i
23.766,-0.0009893+0.0018427i
23.781,0.00040677+0.0016231i
23.797,0.0021435+0.0023953i
23.812,0.00091541-0.00020933i
23.828,-0.00022572+0.0069783i
23.844,0.00053424-0.00070813i
23.859,0.00022819+0.0048211i
23.875,-0.00052072+0.0027729i
23.891,0.0020707-0.00039991i
23.906,-0.0025013+0.0021079i
23.922,0.0011696+0.0014579i
23.938,0.00082531+0.0010365i
23.953,-0.00013933+0.0033811i
23.969,0.0013396+0.0027576i
23.984,-0.00025159+0.00097173i
24,-0.0016546+0.0040622i
24.016,0.0006305-0.00065767i
24.031,-0.0013773+0.002666i
24.047,0.00034408+0.0019075i
24.062,0.00078362+0.0035798i
24.078,6.6928e-05+0.00036521i
24.094,0.0027996+0.0096598i
24.109,0.001071-0.0023717i
24.125,-0.0041174+0.010453i
24.141,0.0030719+0.00074142i
24.156,-0.001541+0.0028102i
24.172,-0.0016218+0.001692i
24.188,0.0033995+0.0014492i
24.203,-0.0025851-0.00098573i
24.219,0.0032856+0.008648i
24.234,-0.0019518-0.0022001i
24.25,-0.00025904+0.0047586i
24.266,-0.00057442+0.0040274i
24.281,0.0038454+8.4298e-05i
24.297,-0.0061778-0.0014174i
24.312,0.0065114+0.00010426i
24.328,-0.0036008-0.0018139i
24.344,0.00026178+0.0079666i
24.359,-0.0030753+0.0042198i
24.375,-0.0008402-0.0029924i
24.391,-0.0090109+0.0070568i
24.406,-0.0013476-0.003429i
24.422,-0.0026783+0.00070543i
24.438,0.002681+0.0052441i
24.453,0.0023069+0.0059032i
24.469,-0.0040874-0.0014393i
24.484,-0.0079654-1.6035e-05i
24.5,0.0031167-0.0052223i
24.516,-0.010431+0.00043514i
24.531,0.002095-0.00539i
24.547,-0.0023274+0.0015607i
24.562,-0.0010056-0.001452i
24.578,-0.010533+0.0033085i
24.594,0.00063199-0.0064307i
24.609,-0.0098782-0.0067447i
24.625,0.0045667+0.0018965i
24.641,-0.0024573+0.00076158i
24.656,-0.0014083-0.0011961i
24.672,-0.0082685-0.0073091i
24.688,-0.0026146-0.004136i
24.703,-0.01798+0.0020285i
24.719,-0.0053518+0.00011983i
24.734,-0.0057938+0.0018348i
24.75,-0.0072345-0.0036634i
24.766,-0.015426-0.0091067i
24.781,-0.006626-0.007018i
24.797,-0.0039771-0.0089073i
24.812,-0.00050381-0.00257i
24.828,-0.0094696-0.0072459i
24.844,-0.0088679-0.0016434i
24.859,-0.0050897-0.0095516i
24.875,-0.0086289-0.0060437i
24.891,-0.01648-0.003479i
24.906,-0.011676-0.0063338i
24.922,-0.0082605+0.00086013i
24.938,-0.0073034+0.0017702i
24.953,-0.011175-0.0032009i
24.969,-0.0072289-0.0035316i
24.984,0.048766+0.0027478i
25,0.051267-0.00029194i
